<?xml version="1.0" encoding="UTF-8"?>
<sc:shoppingCart xmlns:sc="http://www.cadence.com/SPB/shopping_cart" xmlns:xsi="http://www.w3.org/2001/XMLSchema-instance" checksum="0">
	<component cell="aducm4050_v2" library="ic_adi" partname="ADUCM4050_V2" partno="" quantity="1" >
		<property name="JEDEC_TYPE"  value="QFN64_9X9_PAD6_2X6_2"/>
		<property name="PACK_TYPE"  value="SM"/>
		<property name="VALUE"  value="ADUCM4050BCPZ"/>
		<property name="WW_PN"  value="E029393"/>
	</component>
	<component cell="cap" library="capacitors" partname="CAP" partno="" quantity="1" >
		<property name="JEDEC_TYPE"  value="C0402"/>
		<property name="PACK_TYPE"  value="SM"/>
		<property name="TOL"  value="20"/>
		<property name="VALUE"  value="1UF"/>
		<property name="VOLTAGE"  value="6.3V"/>
		<property name="WW_PN"  value="E030484"/>
	</component>
	<component cell="res" library="resistors" partname="RES" partno="" quantity="1" >
		<property name="JEDEC_TYPE"  value="R0603"/>
		<property name="PACK_TYPE"  value="SM"/>
		<property name="TOL"  value="1"/>
		<property name="VALUE"  value="1MEG"/>
		<property name="WATTAGE"  value="1/10W"/>
		<property name="WW_PN"  value="E003682"/>
	</component>
</sc:shoppingCart>
