FILE_TYPE = CONNECTIVITY;
{Allegro Design Entry HDL 16.6-S074 (v16-6-112GJ) 7/19/2016}
"PAGE_NUMBER" = 6;
0"NC";
1"EXT_VDD_IN";
2"EXT_VDD_OUT";
3"ADF_GPIO0";
4"ADF_GPIO2";
5"EXT_INT_WAKE2";
6"EXT_INT_WAKE2";
7"EXT_SUPPLY_OUT";
8"EXT_RESET_IN";
9"EXT_GPIO30";
10"EXT_GPIO30";
11"EXT_GPIO34";
12"EXT_GPIO34";
13"EXT_UART0_TXD";
14"ADC0";
15"ADC0";
16"ADC1";
17"ADC1";
18"ADC2";
19"ADC2";
20"ADC3";
21"ADC3";
22"EXT_ADC1";
23"EXT_ADC1";
24"EXT_ADC2";
25"EXT_ADC2";
26"EXT_GPIO42";
27"EXT_GPIO42";
28"EXT_SPI1_CS3";
29"EXT_SPI1_CS3";
30"EXT_RTC1_SS1";
31"EXT_RTC1_SS1";
32"EXT_SPI2_CS1";
33"EXT_SPI2_CS1";
34"EXT_INT_WAKE1";
35"EXT_INT_WAKE1";
36"SPI2_CLK";
37"/SUPPLY_0";
38"SPI2_MISO";
39"/SUPPLY_0";
40"/SUPPLY_0";
41"/SUPPLY_0";
42"/SUPPLY_0";
43"/SUPPLY_0";
44"/SUPPLY_0";
45"/SUPPLY_0";
46"SPI0_CLK";
47"SPI0_MOSI";
48"SPI2_MOSI";
49"SPI2_CS0";
50"GPIO29";
51"GPIO27";
52"SPI2_CS3";
53"GPIO41";
54"I2C0_SDA";
55"I2C0_SCL";
56"GPIO31";
57"GPIO12";
58"SPI1_CLK";
59"SPI1_MISO";
60"SWD0_CLK";
61"RF_RTC_OPC1";
62"ADF_GPIO1";
63"ADT_VIN_BY4";
64"ADT7420_CT";
65"ADT7420_INT";
66"GPIO30";
67"ADXL_362_INT1";
68"INT_WAKE2";
69"ADXL_362_CS";
70"SPI1_CS3";
71"DBG_LED1";
72"GPIO34";
73"DBG_LED2";
74"GPIO42";
75"DBG_BTN2";
76"INT_WAKE1";
77"DBG_BTN1";
78"SPI2_CS1";
79"ADC0_VIN0";
80"ADC0_VIN1";
81"ADC0_VIN2";
82"ADC0_VIN3";
83"SPI0_CS2";
84"SYS_HWRST";
85"SWD0_DATA";
86"SPI1_CS0";
87"SPI1_MOSI";
88"GPIO32";
89"SYS_BMODE0";
90"EXT_SUPPLY_IN";
91"SPI0_MISO";
92"SPI2_RDY";
93"EXT_UART0_RXD";
94"INT_WAKE3";
95"INT_WAKE0";
96"GPIO14";
97"GPIO28";
98"GPIO08";
99"VDD_MCU_B";
100"VREF_ADC";
101"RTC1_SS1";
102"ADXL_362_INT2";
103"SS_TO_RF";
%"CN60P_ODD_EVEN_2GND"
"1","(-9475,7200)","0","conn_pcb","I1";
;
VALUE"DF17(4.0)-60DS-0.5V(57)"
PINSWAP"N1,N2,N3,N4,N5,N6,N7,N8,N9,N10,N11,N12,N13,N14,N15,N16,N17,N18,N19,N20,N21,N22,N23,N24,N25,N26,N27,N28,N29,N30"
SCD"http://wwmfg.analog.com/wwmfg/apps/Hlm/Attachment/View/265822"
MFG_PN"DF17(4.0)-60DS-0.5V(57)"
MFG"HIROSE ELECTRIC"
JEDEC_REV"A-00"
ROHS"Y"
WW_PN"E027259"
JEDEC_TYPE"CNHRS-DF17_4-60DS-05V"
PACK_TYPE"SM"
SEC_TYPE"SM"
CDS_LMAN_SYM_OUTLINE"-150,1600,200,-1600"
CDS_LIB"conn_pcb"
LOCATION"C1"
SEC"1";
"N31"
$PN"G1"45;
"N30"
$PN"59"0;
"N29"
$PN"57"45;
"N28"
$PN"55"0;
"N27"
$PN"53"45;
"N26"
$PN"51"51;
"N25"
$PN"49"45;
"N24"
$PN"47"50;
"N23"
$PN"45"45;
"N22"
$PN"43"12;
"N21"
$PN"41"45;
"N20"
$PN"39"35;
"N19"
$PN"37"45;
"N18"
$PN"35"6;
"N17"
$PN"33"45;
"N16"
$PN"31"49;
"N15"
$PN"29"45;
"N14"
$PN"27"48;
"N13"
$PN"25"45;
"N12"
$PN"23"13;
"N11"
$PN"21"45;
"N10"
$PN"19"28;
"N9"
$PN"17"45;
"N8"
$PN"15"47;
"N7"
$PN"13"45;
"N6"
$PN"11"46;
"N5"
$PN"9"45;
"N4"
$PN"7"2;
"N3"
$PN"5"45;
"N2"
$PN"3"7;
"N1"
$PN"1"45;
%"IOPORT"
"1","(-10700,8650)","2","standard","I126";
;
OFFPAGE"TRUE"
CDS_LIB"standard";
"A"
HDL_PORT"INOUT"
VHDL_PORT"INOUT"7;
%"IOPORT"
"1","(-10700,8450)","2","standard","I127";
;
OFFPAGE"TRUE"
CDS_LIB"standard";
"A"
VHDL_PORT"INOUT"
HDL_PORT"INOUT"2;
%"IOPORT"
"1","(-10700,8250)","2","standard","I128";
;
OFFPAGE"TRUE"
CDS_LIB"standard";
"A"
VHDL_PORT"INOUT"
HDL_PORT"INOUT"46;
%"IOPORT"
"1","(-10700,8050)","2","standard","I129";
;
OFFPAGE"TRUE"
CDS_LIB"standard";
"A"
VHDL_PORT"INOUT"
HDL_PORT"INOUT"47;
%"IOPORT"
"1","(-10700,7850)","2","standard","I130";
;
OFFPAGE"TRUE"
CDS_LIB"standard";
"A"
VHDL_PORT"INOUT"
HDL_PORT"INOUT"28;
%"IOPORT"
"1","(-10700,7650)","2","standard","I131";
;
OFFPAGE"TRUE"
CDS_LIB"standard";
"A"
VHDL_PORT"INOUT"
HDL_PORT"INOUT"13;
%"IOPORT"
"1","(-10700,7450)","2","standard","I132";
;
OFFPAGE"TRUE"
CDS_LIB"standard";
"A"
VHDL_PORT"INOUT"
HDL_PORT"INOUT"48;
%"IOPORT"
"1","(-10700,7250)","2","standard","I133";
;
OFFPAGE"TRUE"
CDS_LIB"standard";
"A"
VHDL_PORT"INOUT"
HDL_PORT"INOUT"49;
%"IOPORT"
"1","(-10700,7050)","2","standard","I134";
;
OFFPAGE"TRUE"
CDS_LIB"standard";
"A"
VHDL_PORT"INOUT"
HDL_PORT"INOUT"6;
%"IOPORT"
"1","(-10700,6850)","2","standard","I135";
;
OFFPAGE"TRUE"
CDS_LIB"standard";
"A"
VHDL_PORT"INOUT"
HDL_PORT"INOUT"35;
%"IOPORT"
"1","(-10700,6650)","2","standard","I136";
;
OFFPAGE"TRUE"
CDS_LIB"standard";
"A"
VHDL_PORT"INOUT"
HDL_PORT"INOUT"12;
%"IOPORT"
"1","(-10700,6450)","2","standard","I137";
;
OFFPAGE"TRUE"
CDS_LIB"standard";
"A"
VHDL_PORT"INOUT"
HDL_PORT"INOUT"50;
%"IOPORT"
"1","(-10700,6250)","2","standard","I138";
;
OFFPAGE"TRUE"
CDS_LIB"standard";
"A"
VHDL_PORT"INOUT"
HDL_PORT"INOUT"51;
%"IOPORT"
"1","(-5950,8775)","2","standard","I171";
;
CDS_LIB"standard"
OFFPAGE"TRUE";
"A"
VHDL_PORT"INOUT"
HDL_PORT"INOUT"15;
%"CN60P_ODD_EVEN_2GND"
"1","(-8450,7200)","2","conn_pcb","I172";
;
VALUE"DF17(4.0)-60DS-0.5V(57)"
PINSWAP"N1,N2,N3,N4,N5,N6,N7,N8,N9,N10,N11,N12,N13,N14,N15,N16,N17,N18,N19,N20,N21,N22,N23,N24,N25,N26,N27,N28,N29,N30"
SCD"http://wwmfg.analog.com/wwmfg/apps/Hlm/Attachment/View/265822"
MFG_PN"DF17(4.0)-60DS-0.5V(57)"
MFG"HIROSE ELECTRIC"
JEDEC_REV"A-00"
ROHS"Y"
WW_PN"E027259"
JEDEC_TYPE"CNHRS-DF17_4-60DS-05V"
CDS_LMAN_SYM_OUTLINE"-150,1600,200,-1600"
CDS_LIB"conn_pcb"
PACK_TYPE"SM"
SEC_TYPE"SM"
LOCATION"C1"
SEC"2";
"N31"
$PN"G2"37;
"N30"
$PN"60"37;
"N29"
$PN"58"99;
"N28"
$PN"56"37;
"N27"
$PN"54"98;
"N26"
$PN"52"37;
"N25"
$PN"50"97;
"N24"
$PN"48"37;
"N23"
$PN"46"10;
"N22"
$PN"44"37;
"N21"
$PN"42"96;
"N20"
$PN"40"37;
"N19"
$PN"38"95;
"N18"
$PN"36"37;
"N17"
$PN"34"94;
"N16"
$PN"32"37;
"N15"
$PN"30"38;
"N14"
$PN"28"37;
"N13"
$PN"26"36;
"N12"
$PN"24"37;
"N11"
$PN"22"93;
"N10"
$PN"20"37;
"N9"
$PN"18"92;
"N8"
$PN"16"37;
"N7"
$PN"14"91;
"N6"
$PN"12"37;
"N5"
$PN"10"100;
"N4"
$PN"8"37;
"N3"
$PN"6"1;
"N2"
$PN"4"37;
"N1"
$PN"2"90;
%"CN60P_ODD_EVEN_2GND"
"1","(-4725,7325)","0","conn_pcb","I173";
;
VALUE"DF17(4.0)-60DS-0.5V(57)"
SEC_TYPE"SM"
PACK_TYPE"SM"
CDS_LIB"conn_pcb"
CDS_LMAN_SYM_OUTLINE"-150,1600,200,-1600"
JEDEC_TYPE"CNHRS-DF17_4-60DS-05V"
WW_PN"E027259"
ROHS"Y"
JEDEC_REV"A-00"
MFG"HIROSE ELECTRIC"
MFG_PN"DF17(4.0)-60DS-0.5V(57)"
SCD"http://wwmfg.analog.com/wwmfg/apps/Hlm/Attachment/View/265822"
PINSWAP"N1,N2,N3,N4,N5,N6,N7,N8,N9,N10,N11,N12,N13,N14,N15,N16,N17,N18,N19,N20,N21,N22,N23,N24,N25,N26,N27,N28,N29,N30"
LOCATION"C2"
SEC"1";
"N31"
$PN"G1"44;
"N30"
$PN"59"61;
"N29"
$PN"57"44;
"N28"
$PN"55"62;
"N27"
$PN"53"44;
"N26"
$PN"51"0;
"N25"
$PN"49"44;
"N24"
$PN"47"32;
"N23"
$PN"45"44;
"N22"
$PN"43"56;
"N21"
$PN"41"44;
"N20"
$PN"39"57;
"N19"
$PN"37"44;
"N18"
$PN"35"58;
"N17"
$PN"33"44;
"N16"
$PN"31"59;
"N15"
$PN"29"44;
"N14"
$PN"27"60;
"N13"
$PN"25"44;
"N12"
$PN"23"55;
"N11"
$PN"21"44;
"N10"
$PN"19"54;
"N9"
$PN"17"44;
"N8"
$PN"15"53;
"N7"
$PN"13"44;
"N6"
$PN"11"52;
"N5"
$PN"9"44;
"N4"
$PN"7"24;
"N3"
$PN"5"44;
"N2"
$PN"3"15;
"N1"
$PN"1"44;
%"IOPORT"
"1","(-5950,8575)","2","standard","I174";
;
CDS_LIB"standard"
OFFPAGE"TRUE";
"A"
VHDL_PORT"INOUT"
HDL_PORT"INOUT"24;
%"IOPORT"
"1","(-5950,8375)","2","standard","I175";
;
CDS_LIB"standard"
OFFPAGE"TRUE";
"A"
VHDL_PORT"INOUT"
HDL_PORT"INOUT"52;
%"IOPORT"
"1","(-5950,8175)","2","standard","I176";
;
CDS_LIB"standard"
OFFPAGE"TRUE";
"A"
VHDL_PORT"INOUT"
HDL_PORT"INOUT"53;
%"IOPORT"
"1","(-5950,7975)","2","standard","I177";
;
CDS_LIB"standard"
OFFPAGE"TRUE";
"A"
VHDL_PORT"INOUT"
HDL_PORT"INOUT"54;
%"IOPORT"
"1","(-5950,7775)","2","standard","I178";
;
CDS_LIB"standard"
OFFPAGE"TRUE";
"A"
VHDL_PORT"INOUT"
HDL_PORT"INOUT"55;
%"IOPORT"
"1","(-5950,6775)","2","standard","I179";
;
CDS_LIB"standard"
OFFPAGE"TRUE";
"A"
VHDL_PORT"INOUT"
HDL_PORT"INOUT"56;
%"IOPORT"
"1","(-5950,6975)","2","standard","I180";
;
CDS_LIB"standard"
OFFPAGE"TRUE";
"A"
VHDL_PORT"INOUT"
HDL_PORT"INOUT"57;
%"IOPORT"
"1","(-5950,7175)","2","standard","I181";
;
CDS_LIB"standard"
OFFPAGE"TRUE";
"A"
VHDL_PORT"INOUT"
HDL_PORT"INOUT"58;
%"IOPORT"
"1","(-5950,7375)","2","standard","I182";
;
CDS_LIB"standard"
OFFPAGE"TRUE";
"A"
VHDL_PORT"INOUT"
HDL_PORT"INOUT"59;
%"IOPORT"
"1","(-5950,7575)","2","standard","I183";
;
CDS_LIB"standard"
OFFPAGE"TRUE";
"A"
VHDL_PORT"INOUT"
HDL_PORT"INOUT"60;
%"IOPORT"
"1","(-5950,5975)","2","standard","I184";
;
CDS_LIB"standard"
OFFPAGE"TRUE";
"A"
VHDL_PORT"INOUT"
HDL_PORT"INOUT"61;
%"IOPORT"
"1","(-5950,6175)","2","standard","I185";
;
CDS_LIB"standard"
OFFPAGE"TRUE";
"A"
VHDL_PORT"INOUT"
HDL_PORT"INOUT"62;
%"IOPORT"
"1","(-5950,6575)","2","standard","I187";
;
CDS_LIB"standard"
OFFPAGE"TRUE";
"A"
VHDL_PORT"INOUT"
HDL_PORT"INOUT"32;
%"IOPORT"
"1","(-12625,3375)","2","standard","I188";
;
CDS_LIB"standard"
OFFPAGE"TRUE";
"A"
VHDL_PORT"INOUT"
HDL_PORT"INOUT"63;
%"IOPORT"
"1","(-12650,3275)","2","standard","I189";
;
CDS_LIB"standard"
OFFPAGE"TRUE";
"A"
VHDL_PORT"INOUT"
HDL_PORT"INOUT"19;
%"IOPORT"
"1","(-12650,3175)","2","standard","I190";
;
CDS_LIB"standard"
OFFPAGE"TRUE";
"A"
VHDL_PORT"INOUT"
HDL_PORT"INOUT"25;
%"NC3P_JMPR"
"1","(-11625,3275)","0","nocomponent","I191";
;
VALUE"3PIN_JUMPER"
CDS_LIB"nocomponent"
CDS_LMAN_SYM_OUTLINE"-150,150,200,-150"
BOM_IGNORE"TRUE"
PACK_TYPE"SM"
WW_PN"E006495"
JEDEC_TYPE"3PINJUMPER_0402"
$LOCATION"JP2"
CDS_LOCATION"JP2"
$SEC"1"
CDS_SEC"1";
"B"
$PN"3"25;
"COM"
$PN"2"19;
"A"
$PN"1"63;
%"NC3P_JMPR"
"1","(-11625,4050)","0","nocomponent","I192";
;
VALUE"3PIN_JUMPER"
CDS_LMAN_SYM_OUTLINE"-150,150,200,-150"
CDS_LIB"nocomponent"
JEDEC_TYPE"3PINJUMPER_0402"
WW_PN"E006495"
PACK_TYPE"SM"
BOM_IGNORE"TRUE"
$LOCATION"JP1"
CDS_LOCATION"JP1"
$SEC"1"
CDS_SEC"1";
"B"
$PN"3"23;
"COM"
$PN"2"16;
"A"
$PN"1"64;
%"IOPORT"
"1","(-12650,3950)","2","standard","I193";
;
CDS_LIB"standard"
OFFPAGE"TRUE";
"A"
HDL_PORT"INOUT"
VHDL_PORT"INOUT"23;
%"IOPORT"
"1","(-12625,4150)","2","standard","I194";
;
CDS_LIB"standard"
OFFPAGE"TRUE";
"A"
HDL_PORT"INOUT"
VHDL_PORT"INOUT"64;
%"IOPORT"
"1","(-12650,4050)","2","standard","I195";
;
CDS_LIB"standard"
OFFPAGE"TRUE";
"A"
HDL_PORT"INOUT"
VHDL_PORT"INOUT"16;
%"NC3P_JMPR"
"1","(-11625,2525)","0","nocomponent","I196";
;
VALUE"3PIN_JUMPER"
CDS_LMAN_SYM_OUTLINE"-150,150,200,-150"
CDS_LIB"nocomponent"
BOM_IGNORE"TRUE"
PACK_TYPE"SM"
WW_PN"E006495"
JEDEC_TYPE"3PINJUMPER_0402"
$LOCATION"JP3"
CDS_LOCATION"JP3"
$SEC"1"
CDS_SEC"1";
"B"
$PN"3"9;
"COM"
$PN"2"66;
"A"
$PN"1"65;
%"IOPORT"
"1","(-12625,2625)","2","standard","I197";
;
CDS_LIB"standard"
OFFPAGE"TRUE";
"A"
HDL_PORT"INOUT"
VHDL_PORT"INOUT"65;
%"IOPORT"
"1","(-12650,2425)","2","standard","I198";
;
CDS_LIB"standard"
OFFPAGE"TRUE";
"A"
HDL_PORT"INOUT"
VHDL_PORT"INOUT"9;
%"IOPORT"
"1","(-12650,2525)","2","standard","I199";
;
CDS_LIB"standard"
OFFPAGE"TRUE";
"A"
HDL_PORT"INOUT"
VHDL_PORT"INOUT"66;
%"CN60P_ODD_EVEN_2GND"
"1","(-3800,7325)","2","conn_pcb","I2";
;
VALUE"DF17(4.0)-60DS-0.5V(57)"
PINSWAP"N1,N2,N3,N4,N5,N6,N7,N8,N9,N10,N11,N12,N13,N14,N15,N16,N17,N18,N19,N20,N21,N22,N23,N24,N25,N26,N27,N28,N29,N30"
SCD"http://wwmfg.analog.com/wwmfg/apps/Hlm/Attachment/View/265822"
MFG_PN"DF17(4.0)-60DS-0.5V(57)"
MFG"HIROSE ELECTRIC"
JEDEC_REV"A-00"
ROHS"Y"
WW_PN"E027259"
JEDEC_TYPE"CNHRS-DF17_4-60DS-05V"
PACK_TYPE"SM"
SEC_TYPE"SM"
CDS_LMAN_SYM_OUTLINE"-150,1600,200,-1600"
CDS_LIB"conn_pcb"
LOCATION"C2"
SEC"2";
"N31"
$PN"G2"43;
"N30"
$PN"60"43;
"N29"
$PN"58"4;
"N28"
$PN"56"43;
"N27"
$PN"54"3;
"N26"
$PN"52"43;
"N25"
$PN"50"0;
"N24"
$PN"48"43;
"N23"
$PN"46"89;
"N22"
$PN"44"43;
"N21"
$PN"42"88;
"N20"
$PN"40"43;
"N19"
$PN"38"30;
"N18"
$PN"36"43;
"N17"
$PN"34"87;
"N16"
$PN"32"43;
"N15"
$PN"30"86;
"N14"
$PN"28"43;
"N13"
$PN"26"85;
"N12"
$PN"24"43;
"N11"
$PN"22"84;
"N10"
$PN"20"43;
"N9"
$PN"18"26;
"N8"
$PN"16"43;
"N7"
$PN"14"83;
"N6"
$PN"12"43;
"N5"
$PN"10"21;
"N4"
$PN"8"43;
"N3"
$PN"6"22;
"N2"
$PN"4"43;
"N1"
$PN"2"8;
%"NC3P_JMPR"
"1","(-9100,4050)","0","nocomponent","I202";
;
VALUE"3PIN_JUMPER"
JEDEC_TYPE"3PINJUMPER_0402"
WW_PN"E006495"
PACK_TYPE"SM"
BOM_IGNORE"TRUE"
CDS_LMAN_SYM_OUTLINE"-150,150,200,-150"
CDS_LIB"nocomponent"
LOCATION"JP4"
$SEC"1"
CDS_SEC"1";
"B"
$PN"3"5;
"COM"
$PN"2"68;
"A"
$PN"1"67;
%"IOPORT"
"1","(-10100,4150)","2","standard","I206";
;
OFFPAGE"TRUE"
CDS_LIB"standard";
"A"
HDL_PORT"INOUT"
VHDL_PORT"INOUT"67;
%"IOPORT"
"1","(-10125,3950)","2","standard","I207";
;
OFFPAGE"TRUE"
CDS_LIB"standard";
"A"
HDL_PORT"INOUT"
VHDL_PORT"INOUT"5;
%"IOPORT"
"1","(-10125,4050)","2","standard","I208";
;
OFFPAGE"TRUE"
CDS_LIB"standard";
"A"
HDL_PORT"INOUT"
VHDL_PORT"INOUT"68;
%"NC3P_JMPR"
"1","(-9075,3225)","0","nocomponent","I212";
;
VALUE"3PIN_JUMPER"
JEDEC_TYPE"3PINJUMPER_0402"
WW_PN"E006495"
PACK_TYPE"SM"
BOM_IGNORE"TRUE"
CDS_LMAN_SYM_OUTLINE"-150,150,200,-150"
CDS_LIB"nocomponent"
LOCATION"JP5"
$SEC"1"
CDS_SEC"1";
"B"
$PN"3"29;
"COM"
$PN"2"70;
"A"
$PN"1"69;
%"IOPORT"
"1","(-10075,3325)","2","standard","I213";
;
OFFPAGE"TRUE"
CDS_LIB"standard";
"A"
HDL_PORT"INOUT"
VHDL_PORT"INOUT"69;
%"IOPORT"
"1","(-10100,3125)","2","standard","I214";
;
OFFPAGE"TRUE"
CDS_LIB"standard";
"A"
HDL_PORT"INOUT"
VHDL_PORT"INOUT"29;
%"IOPORT"
"1","(-10100,3225)","2","standard","I215";
;
OFFPAGE"TRUE"
CDS_LIB"standard";
"A"
HDL_PORT"INOUT"
VHDL_PORT"INOUT"70;
%"NC3P_JMPR"
"1","(-6725,3325)","0","nocomponent","I216";
;
VALUE"3PIN_JUMPER"
CDS_LMAN_SYM_OUTLINE"-150,150,200,-150"
CDS_LIB"nocomponent"
BOM_IGNORE"TRUE"
PACK_TYPE"SM"
WW_PN"E006495"
JEDEC_TYPE"3PINJUMPER_0402"
LOCATION"JP7"
$SEC"1"
CDS_SEC"1";
"B"
$PN"3"27;
"COM"
$PN"2"74;
"A"
$PN"1"73;
%"NC3P_JMPR"
"1","(-6725,4100)","0","nocomponent","I217";
;
VALUE"3PIN_JUMPER"
BOM_IGNORE"TRUE"
PACK_TYPE"SM"
WW_PN"E006495"
JEDEC_TYPE"3PINJUMPER_0402"
CDS_LIB"nocomponent"
CDS_LMAN_SYM_OUTLINE"-150,150,200,-150"
LOCATION"JP6"
$SEC"1"
CDS_SEC"1";
"B"
$PN"3"11;
"COM"
$PN"2"72;
"A"
$PN"1"71;
%"IOPORT"
"1","(-7725,4200)","2","standard","I218";
;
OFFPAGE"TRUE"
CDS_LIB"standard";
"A"
VHDL_PORT"INOUT"
HDL_PORT"INOUT"71;
%"IOPORT"
"1","(-7750,4100)","2","standard","I219";
;
OFFPAGE"TRUE"
CDS_LIB"standard";
"A"
VHDL_PORT"INOUT"
HDL_PORT"INOUT"72;
%"IOPORT"
"1","(-7750,4000)","2","standard","I220";
;
OFFPAGE"TRUE"
CDS_LIB"standard";
"A"
VHDL_PORT"INOUT"
HDL_PORT"INOUT"11;
%"IOPORT"
"1","(-7725,3425)","2","standard","I221";
;
CDS_LIB"standard"
OFFPAGE"TRUE";
"A"
HDL_PORT"INOUT"
VHDL_PORT"INOUT"73;
%"IOPORT"
"1","(-7750,3325)","2","standard","I222";
;
CDS_LIB"standard"
OFFPAGE"TRUE";
"A"
HDL_PORT"INOUT"
VHDL_PORT"INOUT"74;
%"IOPORT"
"1","(-7750,3225)","2","standard","I223";
;
CDS_LIB"standard"
OFFPAGE"TRUE";
"A"
HDL_PORT"INOUT"
VHDL_PORT"INOUT"27;
%"NC3P_JMPR"
"1","(-4500,3350)","0","nocomponent","I224";
;
VALUE"3PIN_JUMPER"
JEDEC_TYPE"3PINJUMPER_0402"
WW_PN"E006495"
PACK_TYPE"SM"
BOM_IGNORE"TRUE"
CDS_LMAN_SYM_OUTLINE"-150,150,200,-150"
CDS_LIB"nocomponent"
LOCATION"JP9"
$SEC"1"
CDS_SEC"1";
"B"
$PN"3"33;
"COM"
$PN"2"78;
"A"
$PN"1"75;
%"NC3P_JMPR"
"1","(-4500,4125)","0","nocomponent","I225";
;
VALUE"3PIN_JUMPER"
BOM_IGNORE"TRUE"
PACK_TYPE"SM"
WW_PN"E006495"
JEDEC_TYPE"3PINJUMPER_0402"
CDS_LMAN_SYM_OUTLINE"-150,150,200,-150"
CDS_LIB"nocomponent"
LOCATION"JP8"
$SEC"1"
CDS_SEC"1";
"B"
$PN"3"34;
"COM"
$PN"2"76;
"A"
$PN"1"77;
%"IOPORT"
"1","(-5500,3450)","2","standard","I226";
;
OFFPAGE"TRUE"
CDS_LIB"standard";
"A"
HDL_PORT"INOUT"
VHDL_PORT"INOUT"75;
%"IOPORT"
"1","(-5525,4025)","2","standard","I227";
;
OFFPAGE"TRUE"
CDS_LIB"standard";
"A"
HDL_PORT"INOUT"
VHDL_PORT"INOUT"34;
%"IOPORT"
"1","(-5525,4125)","2","standard","I228";
;
OFFPAGE"TRUE"
CDS_LIB"standard";
"A"
HDL_PORT"INOUT"
VHDL_PORT"INOUT"76;
%"IOPORT"
"1","(-5500,4225)","2","standard","I229";
;
OFFPAGE"TRUE"
CDS_LIB"standard";
"A"
HDL_PORT"INOUT"
VHDL_PORT"INOUT"77;
%"IOPORT"
"1","(-5525,3350)","2","standard","I230";
;
OFFPAGE"TRUE"
CDS_LIB"standard";
"A"
HDL_PORT"INOUT"
VHDL_PORT"INOUT"78;
%"IOPORT"
"1","(-5525,3250)","2","standard","I231";
;
OFFPAGE"TRUE"
CDS_LIB"standard";
"A"
HDL_PORT"INOUT"
VHDL_PORT"INOUT"33;
%"CAP"
"2","(-2775,4075)","0","capacitors","I233";
;
VALUE"0.0056UF"
VOLTAGE"25V"
JEDEC_TYPE"C0402"
WW_PN"E011820"
PACK_TYPE"SM"
TOL"10"
ROHS"Y"
JEDEC_REV"B-00"
MFG"MURATA"
IMPLEMENTATION"N/A"
MFG_PN"GRM155R71E562KA01D"
SCD"http://wwmfg.analog.com/wwmfg/apps/Hlm/Attachment/View/463003"
CDS_LIB"capacitors"
PSPICETEMPLATE"C^@REFDES %N1 %N2 ?TOL|C^@REFDES| @VALUE ?TOL|\N.MODEL C^@REFDES CAP C=1 DEV=@TOL%|"
PINOFF"PINOFF"
PINSWAP"[N1,N2]"
CDS_LMAN_SYM_OUTLINE"-50,100,50,-150"
$LOCATION"C39"
CDS_LOCATION"C39"
$SEC"1"
CDS_SEC"1";
"N2"
$PN"2"41;
"N1"
$PN"1"79;
%"RES"
"1","(-3100,4200)","0","resistors","I234";
;
VALUE"33"
WATTAGE"1/10W"
CDS_LMAN_SYM_OUTLINE"-100,50,250,-50"
PINOFF"PINOFF"
PINSWAP"[N1,N2]"
PSPICETEMPLATE"R^@REFDES %N1 %N2 ?TOL|R^@REFDES| @VALUE ?TOL|\N.MODEL R^@REFDES RES R=1 DEV=@TOL%|"
CDS_LIB"resistors"
SCD"http://wwmfg.analog.com/wwmfg/apps/Hlm/Attachment/View/454650"
MFG_PN"ERJ-2GEJ330X"
IMPLEMENTATION"N/A"
MFG"PANASONIC"
JEDEC_REV"B-00"
ROHS"Y"
TOL"5"
PACK_TYPE"SM"
WW_PN"E003452"
JEDEC_TYPE"R0402"
$LOCATION"R56"
CDS_LOCATION"R56"
$SEC"1"
CDS_SEC"1";
"N2"
$PN"2"79;
"N1"
$PN"1"14;
%"IOPORT"
"1","(-2200,4200)","0","standard","I236";
;
CDS_LIB"standard"
OFFPAGE"TRUE";
"A"
VHDL_PORT"INOUT"
HDL_PORT"INOUT"79;
%"IOPORT"
"1","(-3500,4200)","2","standard","I237";
;
OFFPAGE"TRUE"
CDS_LIB"standard";
"A"
HDL_PORT"INOUT"
VHDL_PORT"INOUT"14;
%"IOPORT"
"1","(-2200,3600)","0","standard","I238";
;
OFFPAGE"TRUE"
CDS_LIB"standard";
"A"
HDL_PORT"INOUT"
VHDL_PORT"INOUT"80;
%"RES"
"1","(-3100,3600)","0","resistors","I239";
;
VALUE"33"
WATTAGE"1/10W"
PINOFF"PINOFF"
PINSWAP"[N1,N2]"
PSPICETEMPLATE"R^@REFDES %N1 %N2 ?TOL|R^@REFDES| @VALUE ?TOL|\N.MODEL R^@REFDES RES R=1 DEV=@TOL%|"
SCD"http://wwmfg.analog.com/wwmfg/apps/Hlm/Attachment/View/454650"
MFG_PN"ERJ-2GEJ330X"
IMPLEMENTATION"N/A"
MFG"PANASONIC"
JEDEC_REV"B-00"
ROHS"Y"
TOL"5"
PACK_TYPE"SM"
WW_PN"E003452"
JEDEC_TYPE"R0402"
CDS_LMAN_SYM_OUTLINE"-100,50,250,-50"
CDS_LIB"resistors"
$LOCATION"R57"
CDS_LOCATION"R57"
$SEC"1"
CDS_SEC"1";
"N2"
$PN"2"80;
"N1"
$PN"1"17;
%"CAP"
"2","(-2775,3475)","0","capacitors","I240";
;
VALUE"0.0056UF"
VOLTAGE"25V"
JEDEC_TYPE"C0402"
WW_PN"E011820"
PACK_TYPE"SM"
TOL"10"
ROHS"Y"
JEDEC_REV"B-00"
MFG"MURATA"
IMPLEMENTATION"N/A"
MFG_PN"GRM155R71E562KA01D"
SCD"http://wwmfg.analog.com/wwmfg/apps/Hlm/Attachment/View/463003"
PSPICETEMPLATE"C^@REFDES %N1 %N2 ?TOL|C^@REFDES| @VALUE ?TOL|\N.MODEL C^@REFDES CAP C=1 DEV=@TOL%|"
PINOFF"PINOFF"
PINSWAP"[N1,N2]"
CDS_LMAN_SYM_OUTLINE"-50,100,50,-150"
CDS_LIB"capacitors"
$LOCATION"C40"
CDS_LOCATION"C40"
$SEC"1"
CDS_SEC"1";
"N2"
$PN"2"42;
"N1"
$PN"1"80;
%"IOPORT"
"1","(-3500,3600)","2","standard","I241";
;
OFFPAGE"TRUE"
CDS_LIB"standard";
"A"
HDL_PORT"INOUT"
VHDL_PORT"INOUT"17;
%"IOPORT"
"1","(-325,4225)","0","standard","I242";
;
OFFPAGE"TRUE"
CDS_LIB"standard";
"A"
HDL_PORT"INOUT"
VHDL_PORT"INOUT"81;
%"RES"
"1","(-1225,4225)","0","resistors","I243";
;
VALUE"33"
WATTAGE"1/10W"
PINOFF"PINOFF"
PINSWAP"[N1,N2]"
PSPICETEMPLATE"R^@REFDES %N1 %N2 ?TOL|R^@REFDES| @VALUE ?TOL|\N.MODEL R^@REFDES RES R=1 DEV=@TOL%|"
SCD"http://wwmfg.analog.com/wwmfg/apps/Hlm/Attachment/View/454650"
MFG_PN"ERJ-2GEJ330X"
IMPLEMENTATION"N/A"
MFG"PANASONIC"
JEDEC_REV"B-00"
ROHS"Y"
TOL"5"
PACK_TYPE"SM"
WW_PN"E003452"
JEDEC_TYPE"R0402"
CDS_LMAN_SYM_OUTLINE"-100,50,250,-50"
CDS_LIB"resistors"
$LOCATION"R58"
CDS_LOCATION"R58"
$SEC"1"
CDS_SEC"1";
"N2"
$PN"2"81;
"N1"
$PN"1"18;
%"IOPORT"
"1","(-325,3625)","0","standard","I244";
;
CDS_LIB"standard"
OFFPAGE"TRUE";
"A"
VHDL_PORT"INOUT"
HDL_PORT"INOUT"82;
%"CAP"
"2","(-900,4100)","0","capacitors","I245";
;
VALUE"0.0056UF"
VOLTAGE"25V"
JEDEC_TYPE"C0402"
WW_PN"E011820"
PACK_TYPE"SM"
TOL"10"
ROHS"Y"
JEDEC_REV"B-00"
MFG"MURATA"
IMPLEMENTATION"N/A"
MFG_PN"GRM155R71E562KA01D"
SCD"http://wwmfg.analog.com/wwmfg/apps/Hlm/Attachment/View/463003"
PSPICETEMPLATE"C^@REFDES %N1 %N2 ?TOL|C^@REFDES| @VALUE ?TOL|\N.MODEL C^@REFDES CAP C=1 DEV=@TOL%|"
PINOFF"PINOFF"
PINSWAP"[N1,N2]"
CDS_LMAN_SYM_OUTLINE"-50,100,50,-150"
CDS_LIB"capacitors"
$LOCATION"C41"
CDS_LOCATION"C41"
$SEC"1"
CDS_SEC"1";
"N2"
$PN"2"39;
"N1"
$PN"1"81;
%"CAP"
"2","(-900,3500)","0","capacitors","I246";
;
VALUE"0.0056UF"
VOLTAGE"25V"
JEDEC_TYPE"C0402"
WW_PN"E011820"
PACK_TYPE"SM"
TOL"10"
ROHS"Y"
JEDEC_REV"B-00"
MFG"MURATA"
IMPLEMENTATION"N/A"
MFG_PN"GRM155R71E562KA01D"
SCD"http://wwmfg.analog.com/wwmfg/apps/Hlm/Attachment/View/463003"
PSPICETEMPLATE"C^@REFDES %N1 %N2 ?TOL|C^@REFDES| @VALUE ?TOL|\N.MODEL C^@REFDES CAP C=1 DEV=@TOL%|"
PINOFF"PINOFF"
PINSWAP"[N1,N2]"
CDS_LMAN_SYM_OUTLINE"-50,100,50,-150"
CDS_LIB"capacitors"
$LOCATION"C42"
CDS_LOCATION"C42"
$SEC"1"
CDS_SEC"1";
"N2"
$PN"2"40;
"N1"
$PN"1"82;
%"RES"
"1","(-1225,3625)","0","resistors","I247";
;
VALUE"33"
WATTAGE"1/10W"
PINOFF"PINOFF"
PINSWAP"[N1,N2]"
PSPICETEMPLATE"R^@REFDES %N1 %N2 ?TOL|R^@REFDES| @VALUE ?TOL|\N.MODEL R^@REFDES RES R=1 DEV=@TOL%|"
SCD"http://wwmfg.analog.com/wwmfg/apps/Hlm/Attachment/View/454650"
MFG_PN"ERJ-2GEJ330X"
IMPLEMENTATION"N/A"
MFG"PANASONIC"
JEDEC_REV"B-00"
ROHS"Y"
TOL"5"
PACK_TYPE"SM"
WW_PN"E003452"
JEDEC_TYPE"R0402"
CDS_LMAN_SYM_OUTLINE"-100,50,250,-50"
CDS_LIB"resistors"
$LOCATION"R59"
CDS_LOCATION"R59"
$SEC"1"
CDS_SEC"1";
"N2"
$PN"2"82;
"N1"
$PN"1"20;
%"IOPORT"
"1","(-1625,4225)","2","standard","I248";
;
OFFPAGE"TRUE"
CDS_LIB"standard";
"A"
HDL_PORT"INOUT"
VHDL_PORT"INOUT"18;
%"IOPORT"
"1","(-1625,3625)","2","standard","I249";
;
OFFPAGE"TRUE"
CDS_LIB"standard";
"A"
HDL_PORT"INOUT"
VHDL_PORT"INOUT"20;
%"IOPORT"
"1","(-2675,8875)","0","standard","I250";
;
CDS_LIB"standard"
OFFPAGE"TRUE";
"A"
VHDL_PORT"INOUT"
HDL_PORT"INOUT"8;
%"IOPORT"
"1","(-2675,8675)","0","standard","I251";
;
CDS_LIB"standard"
OFFPAGE"TRUE";
"A"
VHDL_PORT"INOUT"
HDL_PORT"INOUT"22;
%"IOPORT"
"1","(-2675,8475)","0","standard","I252";
;
CDS_LIB"standard"
OFFPAGE"TRUE";
"A"
VHDL_PORT"INOUT"
HDL_PORT"INOUT"21;
%"IOPORT"
"1","(-2675,8275)","0","standard","I253";
;
CDS_LIB"standard"
OFFPAGE"TRUE";
"A"
VHDL_PORT"INOUT"
HDL_PORT"INOUT"83;
%"IOPORT"
"1","(-2675,7875)","0","standard","I254";
;
CDS_LIB"standard"
OFFPAGE"TRUE";
"A"
VHDL_PORT"INOUT"
HDL_PORT"INOUT"84;
%"IOPORT"
"1","(-2675,8075)","0","standard","I255";
;
CDS_LIB"standard"
OFFPAGE"TRUE";
"A"
VHDL_PORT"INOUT"
HDL_PORT"INOUT"26;
%"IOPORT"
"1","(-2675,7675)","0","standard","I256";
;
CDS_LIB"standard"
OFFPAGE"TRUE";
"A"
VHDL_PORT"INOUT"
HDL_PORT"INOUT"85;
%"IOPORT"
"1","(-2675,7475)","0","standard","I257";
;
CDS_LIB"standard"
OFFPAGE"TRUE";
"A"
VHDL_PORT"INOUT"
HDL_PORT"INOUT"86;
%"IOPORT"
"1","(-2675,7275)","0","standard","I258";
;
CDS_LIB"standard"
OFFPAGE"TRUE";
"A"
VHDL_PORT"INOUT"
HDL_PORT"INOUT"87;
%"IOPORT"
"1","(-2675,7075)","0","standard","I259";
;
CDS_LIB"standard"
OFFPAGE"TRUE";
"A"
VHDL_PORT"INOUT"
HDL_PORT"INOUT"30;
%"IOPORT"
"1","(-2675,6875)","0","standard","I260";
;
CDS_LIB"standard"
OFFPAGE"TRUE";
"A"
VHDL_PORT"INOUT"
HDL_PORT"INOUT"88;
%"IOPORT"
"1","(-2675,6675)","0","standard","I261";
;
CDS_LIB"standard"
OFFPAGE"TRUE";
"A"
VHDL_PORT"INOUT"
HDL_PORT"INOUT"89;
%"IOPORT"
"1","(-2675,6075)","0","standard","I262";
;
CDS_LIB"standard"
OFFPAGE"TRUE";
"A"
VHDL_PORT"INOUT"
HDL_PORT"INOUT"4;
%"IOPORT"
"1","(-2675,6275)","0","standard","I263";
;
CDS_LIB"standard"
OFFPAGE"TRUE";
"A"
VHDL_PORT"INOUT"
HDL_PORT"INOUT"3;
%"IOPORT"
"1","(-7325,8750)","0","standard","I264";
;
OFFPAGE"TRUE"
CDS_LIB"standard";
"A"
HDL_PORT"INOUT"
VHDL_PORT"INOUT"90;
%"IOPORT"
"1","(-7325,8550)","0","standard","I265";
;
OFFPAGE"TRUE"
CDS_LIB"standard";
"A"
HDL_PORT"INOUT"
VHDL_PORT"INOUT"1;
%"IOPORT"
"1","(-7325,8150)","0","standard","I266";
;
CDS_LIB"standard"
OFFPAGE"TRUE";
"A"
VHDL_PORT"INOUT"
HDL_PORT"INOUT"91;
%"IOPORT"
"1","(-7325,7950)","0","standard","I267";
;
OFFPAGE"TRUE"
CDS_LIB"standard";
"A"
HDL_PORT"INOUT"
VHDL_PORT"INOUT"92;
%"IOPORT"
"1","(-7325,7750)","0","standard","I268";
;
OFFPAGE"TRUE"
CDS_LIB"standard";
"A"
HDL_PORT"INOUT"
VHDL_PORT"INOUT"93;
%"IOPORT"
"1","(-7325,7550)","0","standard","I269";
;
OFFPAGE"TRUE"
CDS_LIB"standard";
"A"
HDL_PORT"INOUT"
VHDL_PORT"INOUT"36;
%"IOPORT"
"1","(-7325,7350)","0","standard","I270";
;
OFFPAGE"TRUE"
CDS_LIB"standard";
"A"
HDL_PORT"INOUT"
VHDL_PORT"INOUT"38;
%"IOPORT"
"1","(-7325,7150)","0","standard","I271";
;
OFFPAGE"TRUE"
CDS_LIB"standard";
"A"
HDL_PORT"INOUT"
VHDL_PORT"INOUT"94;
%"IOPORT"
"1","(-7325,6950)","0","standard","I272";
;
OFFPAGE"TRUE"
CDS_LIB"standard";
"A"
HDL_PORT"INOUT"
VHDL_PORT"INOUT"95;
%"IOPORT"
"1","(-7325,6750)","0","standard","I273";
;
OFFPAGE"TRUE"
CDS_LIB"standard";
"A"
HDL_PORT"INOUT"
VHDL_PORT"INOUT"96;
%"IOPORT"
"1","(-7325,6350)","0","standard","I274";
;
OFFPAGE"TRUE"
CDS_LIB"standard";
"A"
VHDL_PORT"INOUT"
HDL_PORT"INOUT"97;
%"IOPORT"
"1","(-7325,6550)","0","standard","I275";
;
OFFPAGE"TRUE"
CDS_LIB"standard";
"A"
HDL_PORT"INOUT"
VHDL_PORT"INOUT"10;
%"IOPORT"
"1","(-7325,6150)","0","standard","I276";
;
CDS_LIB"standard"
OFFPAGE"TRUE";
"A"
VHDL_PORT"INOUT"
HDL_PORT"INOUT"98;
%"IOPORT"
"1","(-7325,5950)","0","standard","I277";
;
OFFPAGE"TRUE"
CDS_LIB"standard";
"A"
HDL_PORT"INOUT"
VHDL_PORT"INOUT"99;
%"IOPORT"
"1","(-7325,8350)","0","standard","I282";
;
OFFPAGE"TRUE"
CDS_LIB"standard";
"A"
HDL_PORT"INOUT"
VHDL_PORT"INOUT"100;
%"CN6P_ODD_EVEN"
"1","(-6875,2250)","0","conn_pcb","I283";
;
VALUE"20021121-00006C4LF"
CDS_LMAN_SYM_OUTLINE"-300,250,300,-250"
PINSWAP"N1,N2,N3,N4,N5,N6,N7,N8"
CDS_LIB"conn_pcb"
SCD"http://wwmfg.analog.com/wwmfg/apps/Hlm/Attachment/View/581961"
MFG_PN"20021121-00006C4LF"
MFG"AMPHENOL FCI"
JEDEC_REV"A-00"
ROHS"Y"
WW_PN"E029195"
JEDEC_TYPE"CNSMMHDR2X3L150W135H193"
PACK_TYPE"SM"
SEC_TYPE"SM"
LOCATION"JH11"
SEC"1";
"N6"
$PN"6"31;
"N5"
$PN"5"101;
"N4"
$PN"4"103;
"N3"
$PN"3"101;
"N2"
$PN"2"102;
"N1"
$PN"1"101;
%"IOPORT"
"1","(-8025,2250)","2","standard","I284";
;
OFFPAGE"TRUE"
CDS_LIB"standard";
"A"
HDL_PORT"INOUT"
VHDL_PORT"INOUT"101;
%"IOPORT"
"1","(-5625,2350)","0","standard","I285";
;
OFFPAGE"TRUE"
CDS_LIB"standard";
"A"
HDL_PORT"INOUT"
VHDL_PORT"INOUT"102;
%"IOPORT"
"1","(-5625,2250)","0","standard","I286";
;
OFFPAGE"TRUE"
CDS_LIB"standard";
"A"
HDL_PORT"INOUT"
VHDL_PORT"INOUT"103;
%"IOPORT"
"1","(-5625,2150)","0","standard","I287";
;
CDS_LIB"standard"
OFFPAGE"TRUE";
"A"
VHDL_PORT"INOUT"
HDL_PORT"INOUT"31;
END.
