<?xml version="1.0" encoding="UTF-8" standalone="no" ?>
<?xml-stylesheet type="text/xsl" href="file:///C:/pcblib/apps/allegro/SPB_16.6/share/pcb/consmgr/VDD/report/treeview.xsl"?>
<ConstraintDifferenceReport Path="file:///C:/pcblib/apps/allegro/SPB_16.6/share/pcb/consmgr/VDD/report/rc" Type="Constraint Difference Report">

  <RptSummary Col1="Layout" Col2="Schematic">
    <Entry Name="Report time">Tue Oct 17 09:52:44 2017
</Entry>
    <Entry Name="Software version">16.6-2015 (S074)</Entry>
    <Entry Name="Layout">C:\tmp\20_047034d\worklib\02_047034c_top\physical\08_047034c.brd</Entry>
    <Entry Name="Schematic">C:\tmp\20_047034d\worklib\02_047034c_top\packaged\pstcmdb.dat</Entry>
    <Entry Name="Baseline File">C:\Users\rtrinida\AppData\Local\Temp\#Taaaaad06672.tmp</Entry>
    <Entry Name="Destination design updated">Yes</Entry>
    <Entry Name="Update Mode">Diff3</Entry>
    <Entry Name="Constraint Information">Electrical, NetClasses, Properties</Entry>
    <Entry Name="Objects with conflicts">0</Entry>
  </RptSummary>

  <Tree>
    <Item Filter="0x80000000" Name="Summary" Ref="main-summary"/>
  </Tree>

  <Summaries>
    <MainSummary ID="main-summary"/>
  </Summaries>

  <Layers>
    <Layer Name="TOP"/>
    <Layer Name="LAYER-2-GND"/>
    <Layer Name="LAYER-3_PWR_GND"/>
    <Layer Name="BOTTOM"/>
  </Layers>

</ConstraintDifferenceReport>
